,start,end,duration,label,x_ksm,y_ksm,z_ksm
67,09:22.5,16:52.5,166050,LFE_m,-29.86513391,-44.59760183,-10.11306934
68,25:18.7,05:37.5,9618.75,LFE_sm,-29.25259957,-51.05464647,-9.896153434
69,40:18.7,00:00.0,11981.25,LFE_sm,-28.85235482,-52.99335292,-9.777769678
70,18:45.0,19:41.2,28856.25,LFE_sp,-28.73022721,-53.49146423,-9.723407165
71,26:50.6,52:19.8,19529.229,LFE_sm,-28.10168097,-55.60936611,-9.513070844
72,05:56.4,02:56.8,28620.421,LFE,-27.81188828,-56.41143369,-9.41766304
73,37:55.6,03:24.8,19529.228,LFE,-27.36060705,-57.50877974,-9.265106492
74,39:00.1,45:55.4,14815.277,LFE,-26.93449175,-58.41022243,-9.123755495
75,55:05.4,06:32.8,18687.451,LFE,-26.59743231,-59.04850855,-9.012445235
76,15:11.9,05:31.1,31819.174,LFE,-26.15604489,-59.80095345,-8.866520474
77,25:48.9,18:03.1,6734.217,LFE,-25.654532,-60.55903231,-8.696340603
78,16:58.5,25:18.7,11300.2,LFE,-25.52262614,-60.74274832,-8.654839618
79,46:01.0,27:15.9,24074.824,LFE_sp,-25.07299975,-61.32836157,-8.499895221
80,06:07.6,19:18.8,22391.27,LFE_dg,-24.56411075,-61.91872128,-8.329329694
81,41:21.8,47:37.8,7575.994,LFE,-23.97091762,-62.52221838,-8.133423062
82,24:06.5,52:49.3,8922.837,LFE,-23.82869414,-62.65261152,-8.10235677
83,40:10.3,02:48.7,26558.462,LFE,-23.4952701,-62.94843335,-7.972587275
84,00:00.0,36:33.7,23793.75,LFE_sp,-22.93145895,-63.39318412,-7.785075961
85,28:07.5,58:07.5,27000,LFE,-22.39948679,-63.75787583,-7.613457968
86,49:41.2,44:03.7,21262.5,LFE,-21.62498402,-64.20549495,-7.347846959
87,22:30.0,02:48.7,9618.75,LFE_dg,-20.99434098,-64.50137551,-7.136924044
88,22:30.0,40:46.9,11896.875,LFE_dg,-20.06932275,-64.83304784,-6.850862864
89,15:56.2,14:31.9,32315.625,LFE,-19.82415715,-64.90480911,-6.752229671
90,20:37.5,33:45.0,25987.5,LFE,-18.98468934,-65.09016477,-6.465808946
91,31:52.5,38:26.2,18393.75,LFE,-18.18160939,-65.19115263,-6.204963276
92,25:18.7,25:18.7,21600,LFE,-17.51559271,-65.22374178,-5.978181952
93,03:45.0,29:03.7,23118.75,LFE_dg,-16.7852002,-65.20752743,-5.734370238
94,15:00.0,22:30.0,36450,LFE,-16.14329247,-65.15103033,-5.517029118
95,45:56.2,33:45.0,35268.75,LFE_sp,-15.25254997,-65.00877911,-5.225155224
96,05:37.5,10:18.7,25481.25,LFE_dg,-14.35735789,-64.79453218,-4.937826041
97,09:22.5,32:48.7,30206.25,LFE,-13.76266733,-64.61599762,-4.724097252
98,45:56.2,04:41.2,26325,LFE,-12.81843404,-64.26951466,-4.420238687
99,44:38.9,32:34.7,114475.782,LFE_m,-12.05935866,-63.93940124,-4.162552181
100,07:14.6,35:11.1,73676.54,LFE_dg,-8.567125923,-61.83472388,-3.009840916
101,13:08.0,47:50.5,12882.481,LFE,-5.18692658,-58.89274434,-1.8739877
102,30:00.0,16:52.5,17212.5,LFE,-3.478387938,-57.05267138,-1.299478883
103,27:11.2,21:33.7,10462.5,LFE_sm,-2.97293936,-56.45984045,-1.143918136
104,51:37.7,46:06.6,93268.901,LFE_m,-1.230063281,-54.23714664,-0.566788331
105,45:16.1,17:26.6,16330.476,LFE_sm,1.508701639,-50.11732945,0.346671418
106,38:29.3,04:37.8,26768.511,LFE_sm,2.441247178,-48.51121507,0.658657572
107,40:18.7,05:37.5,98718.75,LFE_m,4.31035017,-44.90955223,1.285768337
108,17:57.5,44:45.3,34007.794,LFE,6.819570005,-38.99742108,2.122302206
109,05:00.2,21:39.1,29798.909,LFE,7.658026017,-36.61932563,2.404140133
110,43:01.4,51:15.3,29293.842,LFE_dg,8.37613794,-34.34226647,2.645784198
111,06:35.6,43:18.3,20202.65,LFE,9.241968759,-31.17417431,2.939767405
112,25:46.9,06:05.6,171618.75,LFE_m,11.02097965,-20.58852914,3.555973502
113,49:41.2,21:33.7,19912.5,LFE,-23.51449277,-12.91886362,-7.716809047
114,55:18.7,29:03.7,23625,LFE,-25.85471909,-17.58335438,-8.490054004
115,47:48.7,35:37.5,24468.75,LFE_dg,-27.53198844,-22.05647711,-9.04119524
116,55:18.7,01:52.5,18393.75,LFE,-28.05001455,-23.85932154,-9.213772954
117,25:18.7,32:48.7,25650,LFE,-28.46339359,-25.62280181,-9.351162438
118,25:18.7,09:22.5,38643.75,LFE,-28.72636256,-27.05011535,-9.442811494
119,38:15.2,31:22.8,31987.529,LFE,-28.94597745,-28.72791322,-9.515055614
120,12:23.6,22:21.2,32997.661,LFE,-29.05161028,-30.20701274,-9.551188696
121,53:52.4,18:17.1,23064.692,LFE,-29.06267288,-31.73298896,-9.552767713
122,58:44.2,32:52.6,38048.324,LFE,-29.00950079,-32.71855646,-9.542088316
123,33:31.8,52:59.1,29967.264,LFE,-28.83390378,-34.15030711,-9.48195422
124,02:48.7,47:48.7,24300,LFE,-28.58035209,-35.34639971,-9.396746609
125,10:18.7,26:15.0,26156.25,LFE,-28.2871563,-36.31252028,-9.303520128
126,27:11.2,51:33.7,37462.5,LFE,-27.96358142,-37.12676183,-9.202640416
127,14:03.7,45:56.2,41512.5,LFE_m,-27.52452158,-37.98943991,-9.059448855
128,21:33.7,22:30.0,28856.25,LFE,-26.9020299,-38.9193891,-8.847347467
129,36:33.7,20:37.5,27843.75,LFE,-26.29455426,-39.60804702,-8.64719243
130,45:56.2,42:11.2,24975,LFE,-25.62713437,-40.19272941,-8.428221974
131,02:48.7,57:11.2,10462.5,LFE_sp,-25.02392511,-40.60305895,-8.235656131
132,20:37.5,38:26.2,29868.75,LFE,-23.32432614,-41.33073567,-7.67603641
133,42:11.2,17:48.7,38137.5,LFE,-22.48581898,-41.51021093,-7.402610804
134,57:11.2,30:56.2,45225,LFE_m,-21.51899855,-41.60193307,-7.087007999
135,53:26.2,47:48.7,32062.5,LFE,-20.33596808,-41.56944415,-6.707830479
136,32:48.7,30:00.0,32231.25,LFE,-19.40402942,-41.44807325,-6.399755808
137,49:00.6,23:08.9,38048.324,LFE,-18.47043182,-41.24915536,-6.092561263
138,34:22.4,18:50.8,13468.433,LFE,-17.33976419,-40.91311876,-5.723883306
139,49:42.7,37:30.0,13667.303,LFE_sm,-16.87844125,-40.74612782,-5.587400069
140,18:45.0,51:33.7,27168.75,LFE,-15.93525558,-40.36186197,-5.271610148
141,53:26.2,32:48.7,34762.5,LFE_dg,-12.02560695,-38.12604831,-3.999235406
142,00:00.0,01:52.5,79312.5,LFE_m,-10.58926005,-37.05862589,-3.532544887
143,17:48.7,20:37.5,21768.75,LFE_sm,-6.986365904,-33.7958298,-2.353514731
144,10:00.5,16:33.3,72392.829,LFE_m,-5.854865317,-32.58708552,-1.991429516
145,04:41.2,22:30.0,105468.75,LFE_m,-2.742253592,-28.73766727,-0.974416792
146,31:52.5,08:26.2,12993.75,LFE,-31.89292268,-4.531774726,-10.23581648
147,04:41.2,02:48.7,7087.5,LFE,-35.91757196,-8.282414354,-11.52967035
148,55:18.7,21:33.7,19575,LFE_dg,-37.4406742,-9.869036978,-12.01859423
149,55:18.7,07:30.0,7931.25,LFE_sm,-38.72650873,-11.2924782,-12.42965175
150,09:22.5,02:48.7,14006.25,LFE,-39.16546214,-11.79477592,-12.57213485
151,47:16.8,06:04.8,22727.981,LFE,-40.52796409,-13.42647848,-13.00904951
152,19:41.2,51:51.8,19930.519,LFE,-41.53868326,-14.70951589,-13.33229516
153,37:30.0,03:45.0,19575,LFE,-42.77005752,-16.36692691,-13.72715629
154,20:06.5,57:28.5,27441.933,LFE,-43.83447995,-17.89853181,-14.06768032
155,37:30.0,40:18.7,10968.75,LFE_sm,-47.24834158,-23.69822291,-15.15711898
156,14:03.7,06:33.7,17550,LFE,-47.4754315,-24.15826136,-15.22265012
157,09:18.4,29:10.9,19192.517,LFE,-48.68549283,-26.83773468,-15.60463985
158,17:21.0,51:29.3,38048.324,LFE_dg,-49.40159938,-28.70741524,-15.83890099
159,02:48.7,05:37.5,21768.75,LFE_sm,-49.96822273,-30.46412608,-16.00834431
160,40:04.7,34:02.7,10438.035,LFE_sp,-50.38320423,-32.01880548,-16.14230289
161,44:24.2,39:15.6,143691.349,LFE_m,-50.5472859,-32.75109705,-16.18764906
162,06:03.5,38:41.7,16358.203,LFE_dg,-51.06403025,-36.89210154,-16.34095372
163,55:39.1,54:16.5,17917.401,LFE,-49.55063338,-44.02326909,-15.83219697
164,22:35.3,44:11.6,22896.337,LFE,-48.83906766,-45.12511693,-15.60551079
165,11:47.1,19:07.6,4040.53,LFE,-48.47373851,-45.5835995,-15.49527902
166,30:00.0,15:56.2,63956.25,LFE_m,-48.28591905,-45.80439843,-15.42060003
167,29:03.7,29:03.7,10800,LFE_sm,-47.38315818,-46.68538423,-15.13280855
168,55:18.7,53:26.2,7087.5,LFE_sm,-47.10243328,-46.91411698,-15.04980084
169,00:56.2,32:48.7,19912.5,LFE,-46.61104056,-47.28151149,-14.88342644
170,10:49.6,14:50.9,29041.31,LFE,-46.26237354,-47.51236616,-14.77384666
171,55:18.7,14:03.7,58725,LFE_m,-45.18914453,-48.105186,-14.43654259
172,17:54.4,07:31.6,208177.207,LFE_m,-42.89019961,-48.92747967,-13.69814415
173,40:49.1,54:53.4,36844.232,LFE_sp,-37.89364037,-49.35492941,-12.08389751
174,24:44.3,11:21.8,6397.505,LFE_sm,-26.92077876,-46.4982283,-8.601999449
175,22:22.6,11:37.3,35354.638,LFE,-25.88208833,-46.03178376,-8.260055134
176,45:17.5,44:01.8,32324.24,LFE,-24.49082606,-45.35648578,-7.817442228
177,08:26.2,27:11.2,47925,LFE_m,-22.63456434,-44.36950223,-7.240254527
178,00:18.2,36:55.3,34597.039,LFE,-19.74624415,-42.64872424,-6.318037576
179,03:03.3,08:42.8,36339.517,LFE_dg,-17.91436945,-41.43553932,-5.74323733
180,02:48.7,26:15.0,19406.25,LFE_sm,-15.86763112,-39.96733709,-5.096041119
181,31:52.5,05:37.5,23625,LFE_dg,-13.99651001,-38.51656041,-4.500862647
182,03:17.8,40:14.5,146216.679,LFE_dg,-10.32729143,-35.34418836,-3.338317401
183,56:37.0,02:02.3,57925.371,LFE_m,2.292016376,-19.32878615,0.665232034
184,19:41.2,27:11.2,4050,LFE_sm,-33.41359144,-4.154286148,-10.41223302
185,51:33.7,55:18.7,7425,LFE_sm,-35.01330423,-5.652119088,-10.9106982
186,18:45.0,07:30.0,236925,LFE_m,-35.57523994,-6.217818818,-11.08783197
187,09:50.6,36:52.5,52021.824,LFE_m,-41.93986974,-19.01141994,-13.06032789
188,01:52.5,02:48.7,18056.25,LFE_dg,-41.76306139,-20.43697189,-12.99677409
189,00:00.0,49:41.2,6581.25,LFE_sp,-41.14406199,-22.18332472,-12.80436593
190,45:31.6,29:40.4,9848.792,LFE_sm,-40.75158764,-22.85884582,-12.67883666
191,44:03.7,52:30.0,65306.25,LFE_dg,-40.42418086,-23.31517386,-12.57521372
192,52:30.0,13:07.5,19237.5,LFE,-38.33655057,-25.16535691,-11.92039292
193,18:45.0,28:07.5,29362.5,LFE,-31.56579469,-27.00785811,-9.813469043
194,03:45.0,41:15.0,31050,LFE_dg,-28.47818903,-26.94895642,-8.85583088
195,39:22.5,55:18.7,26156.25,LFE_dg,-26.80742259,-26.76685112,-8.337467463
196,00:30.9,13:42.1,22391.271,LFE_dg,-25.06250462,-26.47817356,-7.795923269
197,44:03.7,20:37.5,23793.75,LFE,-22.9445233,-26.00183897,-7.142037337
198,25:18.7,14:03.7,10125,LFE_dg,-20.26840121,-25.21516084,-6.319052326
199,05:37.5,25:18.7,22781.25,LFE,-18.45046457,-24.56919093,-5.75292219
200,12:11.2,56:15.0,6243.75,LFE,-15.27003011,-23.21715729,-4.769879196
201,41:15.0,07:30.0,30375,LFE,-13.21237452,-22.18842669,-4.13350847
202,58:07.5,55:18.7,32231.25,LFE,-10.82342941,-20.83103548,-3.391437036
203,18:11.5,20:09.4,21717.849,LFE,-7.321197202,-18.51386554,-2.310033858
204,15:51.2,11:21.8,42930.631,LFE_m,-3.940524899,-16.11386147,-1.265719104
205,55:58.7,55:08.2,21549.493,LFE,-33.08671254,11.90427186,-10.02724771
206,41:14.8,05:00.2,15825.409,LFE_sm,-53.8799703,2.863837134,-16.32091183
207,09:07.2,13:14.1,230646.921,LFE_dg,-58.72274882,-1.302831165,-17.77285818
208,22:30.0,55:18.7,16368.75,LFE_sm,-63.52633202,-8.851513413,-19.18880254
209,44:36.9,18:56.4,9259.548,LFE,-64.00392771,-10.82761272,-19.32270518
210,27:11.2,32:48.7,11137.5,LFE_sm,-64.13270067,-12.1514332,-19.34951769
211,18:14.3,30:46.3,15151.988,LFE_sm,-64.14020221,-12.48306675,-19.35287882
212,47:11.2,52:36.7,29125.487,LFE_dg,-64.1310078,-13.00109938,-19.34504058
213,39:59.1,27:41.1,2862.042,LFE_sm,-64.04751565,-13.94206613,-19.31465674
214,44:03.7,42:11.2,7087.5,LFE,-64.03752527,-14.01555458,-19.30990951
215,34:41.2,25:18.7,13837.5,LFE_sm,-63.8296344,-15.07021754,-19.23735754
216,23:26.2,23:26.2,10800,LFE_dg,-63.66567215,-15.64593563,-19.18202201
217,51:33.7,15:00.0,8606.25,LFE_dg,-63.37471128,-16.44139779,-19.08981579
218,06:33.7,30:56.2,102262.5,LFE_dg,-63.14419679,-16.96095319,-19.01486528
219,38:54.4,25:46.9,17212.5,LFE_sp,-61.89417136,-18.98006047,-18.62282669
220,40:18.7,52:30.0,7931.25,LFE,-56.99226801,-23.03852662,-17.12186509
221,15:56.2,17:48.7,3712.5,LFE_dg,-56.36011409,-23.38222035,-16.9224324
222,55:05.4,17:07.0,12121.59,LFE_sm,-56.21875369,-23.45164731,-16.88319284
223,33:43.1,56:23.9,19360.873,LFE,-55.27542165,-23.90325409,-16.59586166
224,23:26.2,49:41.2,19575,LFE,-54.35316875,-24.30005043,-16.31324636
225,15:00.0,45:56.2,12656.25,LFE_sp,-52.86340495,-24.85260253,-15.86578416
226,47:48.7,38:26.2,3037.5,LFE_sm,-50.72287667,-25.49972015,-15.21781119
227,39:22.5,13:07.5,2025,LFE_sp,-50.39201589,-25.58757648,-15.11478826
228,30:56.2,20:37.5,6581.25,LFE,-49.33737135,-25.83776772,-14.79908498
229,54:45.7,37:30.4,9764.614,LFE_sm,-48.04157597,-26.10364768,-14.40775479
230,19:41.2,29:03.7,7762.5,LFE,-46.67872533,-26.3355297,-13.99648593
231,38:26.2,30:00.0,10293.75,LFE,-45.26333598,-26.52865489,-13.56960968
232,21:25.1,13:39.3,6734.217,LFE_sm,-42.05717016,-26.80311928,-12.60462882
233,49:13.1,44:03.7,348890.625,LFE_dg,-37.35298658,-26.84755475,-11.1840352
234,30:56.2,12:11.2,6075,LFE,-21.29804726,14.33804249,-6.253993169
235,16:02.4,22:18.4,7575.994,LFE,-31.75556061,13.42278099,-9.317730922
236,26:15.0,23:26.2,21431.25,LFE,-33.05709892,13.11805357,-9.696385588
237,30:00.0,30:56.2,18056.25,LFE,-36.74531193,11.94638313,-10.77345979
238,04:12.5,31:11.6,5219.018,LFE_sm,-45.13219339,5.877575316,-13.196471
239,50:37.5,46:52.5,3375,LFE_sm,-46.21482998,3.458701256,-13.50103482
240,41:15.0,24:22.5,20587.5,LFE,-46.44707186,1.943298966,-13.56110021
241,46:52.5,43:35.6,17803.125,LFE,-46.4251773,0.962976882,-13.54966136
242,27:01.8,16:41.7,24579.891,LFE,-45.76625636,-1.528815055,-13.34465062
243,47:08.4,50:50.0,25421.668,LFE_dg,-45.34600781,-2.364513693,-13.21794121
244,45:00.0,42:11.2,32231.25,LFE,-44.73152303,-3.326344068,-13.03391255
245,17:57.5,39:33.8,22896.336,LFE,-44.00510064,-4.244496457,-12.81783236
246,41:56.9,21:27.9,20371.006,LFE,-43.31465129,-4.983523105,-12.61295634
247,59:15.1,46:06.6,24411.536,LFE,-42.45380308,-5.780194549,-12.3584677
248,16:33.3,30:23.8,29630.553,LFE,-41.47942621,-6.561892181,-12.07119417
249,56:23.9,11:44.3,15320.343,LFE_dg,-40.11757108,-7.499146096,-11.67053497
250,18:45.0,32:52.6,11647.564,LFE,-38.98878591,-8.171598614,-11.33878705
251,09:22.5,12:11.2,32568.75,LFE,-37.68670019,-8.853286615,-10.95725001
252,10:18.7,00:00.0,17381.25,LFE_dg,-36.08001428,-9.582237582,-10.48666503
253,14:32.6,49:45.5,34512.861,LFE_dg,-34.46388673,-10.20993612,-10.01448042
254,34:13.9,42:13.7,11279.813,LFE,-32.09049424,-10.97197043,-9.321656373
255,46:06.6,37:16.3,10269.68,LFE_sm,-29.2367639,-11.67100223,-8.49324536
256,13:07.5,45:56.2,48768.75,LFE_m,-27.58960286,-11.98378081,-8.01041957
257,37:30.0,45:56.2,11306.25,LFE,-23.54400595,-12.47927617,-6.83551135
258,12:16.9,37:30.7,5113.795,LFE,-21.16415811,-12.6027886,-6.1456649
259,12:11.2,08:26.2,24975,LFE,-18.43601343,-12.59466927,-5.352637162
260,31:34.0,34:53.2,82999.221,LFE_dg,-16.00061354,-12.43441907,-4.65100147
261,22:18.4,36:37.0,65658.612,LFE_dg,-6.065556655,-10.44935165,-2.972101393
262,02:48.7,24:22.5,15693.75,LFE,-8.512045744,12.79601756,1.61119172
263,12:20.8,13:56.2,79295.401,LFE_dg,-11.02619306,13.66137418,1.477679534
264,52:45.1,04:37.8,7912.704,LFE_sm,-19.5654346,15.42623768,0.758855509
265,20:57.1,22:04.4,43267.342,LFE_m,-20.60867772,15.53408599,0.651579885
266,07:30.0,15:00.0,25650,LFE,-24.70664015,15.74674841,0.177910299
267,58:07.5,12:11.2,22443.75,LFE,-45.02160269,10.13700008,-3.570162916
268,17:48.7,13:07.5,17718.75,LFE,-45.96793653,9.25609216,-3.874221299
269,55:18.7,56:15.0,7256.25,LFE_sp,-47.36406038,7.488465747,-4.414724976
270,50:24.8,31:00.3,16835.541,LFE,-47.75230341,6.799234491,-4.604223357
271,42:27.8,37:05.1,17677.318,LFE,-48.09478367,6.024016926,-4.806260673
272,28:59.7,44:20.0,15320.343,LFE_sp,-48.3847721,5.083199188,-5.036734115
273,21:02.7,41:59.7,15657.053,LFE,-48.52884633,4.285275307,-5.218657168
274,49:41.2,06:33.7,22612.5,LFE,-48.58332327,3.429036855,-5.401652925
275,22:04.4,37:24.7,15320.343,LFE,-48.52580386,2.477132142,-5.590503931
276,00:44.9,31:11.6,12626.656,LFE,-48.34234125,1.510125964,-5.766542474
277,22:17.0,41:05.0,22727.981,LFE,-48.10288181,0.731068095,-5.896889596
278,34:47.6,54:00.8,11953.235,LFE,-47.7069925,-0.204841748,-6.039949628
279,34:11.1,28:09.2,10438.036,LFE,-47.20165512,-1.122040099,-6.165467683
280,41:06.4,22:07.2,6060.795,LFE,-46.98212471,-1.464599188,-6.208651759
281,31:50.8,38:46.1,14815.277,LFE,-46.6415283,-1.950542202,-6.266210708
282,29:03.7,57:11.2,12487.5,LFE_sm,-45.91102458,-2.857618918,-6.361602117
283,15:56.2,00:56.2,2700,LFE_sm,-44.27712365,-4.473630034,-6.491294522
284,19:41.2,04:41.2,13500,LFE_sp,-43.17913294,-5.36107064,-6.536956991
285,22:51.6,22:20.4,28768.784,LFE,-41.70440148,-6.387367158,-6.56280176
286,09:27.7,59:56.0,3028.293,LFE,-40.19870077,-7.286028311,-6.55988321
287,12:51.6,19:21.7,25590.023,LFE,-24.72665477,-11.9524373,-5.597470423
288,02:06.6,48:45.0,9998.437,LFE_sm,-21.02226067,-12.24203762,-5.194414155
289,15:26.0,20:51.4,29125.487,LFE,-14.85181748,-12.1028961,-4.39441297
290,41:14.8,11:41.5,12626.656,LFE_sm,-9.827608797,-11.34918895,-3.610322084
291,41:15.0,14:03.7,27168.75,LFE,-5.122457506,-9.961351366,-2.732040977
292,02:54.0,48:41.0,27946.999,LFE,-0.078686622,-7.24147784,-1.531203423
293,01:06.6,22:20.5,134473.889,LFE_dg,-27.92182124,15.97993051,-0.136545418
294,11:05.0,44:20.0,12795.012,LFE_sm,-37.32446331,14.44073071,-1.637477048
295,08:44.7,55:22.2,6397.506,LFE_dg,-38.81023396,13.94958829,-1.927598443
296,13:39.3,14:46.7,43267.342,LFE_dg,-40.05772438,13.46354731,-2.188055823
297,22:07.2,52:47.9,30640.686,LFE,-41.69068107,12.70454954,-2.551192335
298,34:25.2,00:19.6,8754.481,LFE_sm,-42.92945909,12.01086255,-2.852907913
299,48:29.7,00:22.4,7912.704,LFE,-44.21849157,11.14324459,-3.199794461
300,46:54.3,03:58.5,19024.163,LFE,-46.92909019,8.427499514,-4.109379427
301,40:41.2,27:57.9,13636.788,LFE_sm,-47.88957939,6.664363255,-4.601223097
302,43:07.5,10:18.7,5231.25,LFE_sm,-48.17716607,5.788777357,-4.822049469
303,51:33.7,42:11.2,13837.5,LFE,-47.64540806,0.585530784,-5.854810389
304,45:56.2,17:48.7,9112.5,LFE_sm,-47.1230204,-0.413993497,-6.000848518
305,45:56.2,04:41.2,26325,LFE_sp,-46.80721402,-0.91875831,-6.067669502
306,29:55.8,16:33.3,6397.506,LFE_sm,-45.04027555,-3.065065804,-6.301559003
307,17:48.7,18:45.0,7256.25,LFE,-43.60948317,-4.36551667,-6.396367756
308,51:40.5,52:19.8,7239.283,LFE_sp,-43.03958379,-4.815045406,-6.422158559
309,23:00.5,25:23.6,10943.103,LFE_sm,-41.86406967,-5.65798608,-6.453960513
310,40:27.1,43:54.8,7407.638,LFE,-38.48072163,-7.606950237,-6.441595357
311,40:18.7,17:48.7,9450,LFE_sm,-37.39457287,-8.11703897,-6.41694547
312,25:18.0,23:08.9,7070.927,LFE,-34.50253778,-9.279299636,-6.300271995
313,10:18.7,36:33.7,8775,LFE,-32.8143255,-9.841077691,-6.207416506
314,59:15.1,46:06.6,24411.536,LFE,-30.76082719,-10.42296206,-6.074694062
315,32:18.9,46:34.7,18855.807,LFE,-28.10609479,-11.02754113,-5.871454129
316,52:53.5,12:20.8,29967.264,LFE,-22.69639513,-11.79208619,-5.359212579
317,54:22.5,49:41.2,28518.75,LFE,-19.28806898,-11.96738863,-4.971580039
318,05:58.6,51:54.8,20756.25,LFE_sp,-15.14137288,-11.74933263,-4.531653627
319,40:18.7,52:30.0,18731.25,LFE,-10.88859953,-10.94231637,-4.166045198
320,23:26.2,22:30.0,68343.75,LFE_dg,-7.163990955,-9.813145742,-3.688907986
321,52:22.6,32:18.9,9596.259,LFE_sm,-2.024346611,5.837557643,2.087386612
322,54:45.7,20:40.2,8754.481,LFE,-10.49719286,7.977073604,2.702040178
323,54:20.5,42:41.8,10101.325,LFE,-11.86257602,8.076411265,2.71438076
324,57:11.2,40:18.7,20587.5,LFE_sp,-15.92792131,8.082703235,2.639510854
325,32:48.7,17:48.7,24300,LFE_sp,-18.57863651,7.866500302,2.508160071
326,38:15.2,30:29.5,6734.216,LFE_sm,-21.66368738,7.395794845,2.278296157
327,13:14.1,50:24.8,56230.71,LFE_m,-22.92512843,7.131819449,2.161150656
328,59:26.3,55:33.4,3367.108,LFE_sm,-26.92325727,5.992475154,1.66813581
329,31:52.5,49:41.2,19068.75,LFE_dg,-27.45392872,5.80113073,1.589899221
330,34:02.7,22:24.0,10101.325,LFE,-28.64394984,5.333327549,1.395812881
331,01:34.9,48:59.1,24444.14,LFE,-29.28298091,5.056998024,1.283472881
332,38:26.2,56:15.0,40668.75,LFE_m,-30.58597949,4.431977932,1.030627446
333,15:56.2,22:30.0,7593.75,LFE_sm,-32.31881948,3.442225162,0.63713976
334,53:08.7,03:09.8,15001.172,LFE_sm,-32.79905392,3.127187439,0.514192113
335,38:01.2,38:54.5,25253.312,LFE,-34.06763512,2.179136845,0.148291284
336,55:18.7,34:41.2,67162.5,LFE_m,-35.79586568,0.447961784,-0.507478553
337,34:47.6,06:32.8,27105.222,LFE,-36.88722792,-1.324066673,-1.165939694
338,10:18.7,58:07.5,35268.75,LFE,-37.008938,-5.298279156,-2.602147237
339,23:23.0,28:34.4,11111.457,LFE,-36.58639118,-6.137549591,-2.896907489
340,45:56.2,54:22.5,22106.25,LFE,-34.33632855,-8.450659069,-3.688959449
341,07:54.2,29:03.7,15669.549,LFE,-31.67310794,-9.91331833,-4.16886706
342,25:18.7,23:26.2,17887.5,LFE,-29.9741321,-10.54526105,-4.366673437
343,19:04.8,52:19.8,12795.012,LFE_sm,-27.9018233,-11.11201228,-4.534944032
344,34:41.2,21:33.7,28012.5,LFE,-26.88634778,-11.32561675,-4.590418172
345,04:35.0,23:08.9,4713.952,LFE_sm,-22.27535498,-11.86235678,-4.701262744
346,18:45.0,59:03.7,42018.75,LFE_m,-21.70242718,-11.88694259,-4.697858888
347,18:45.0,48:45.0,16200,LFE,-16.47359409,-11.70185729,-4.568469782
348,03:10.8,37:05.1,20034.294,LFE,-13.10906481,-11.32502136,-4.827180186
349,45:56.2,01:52.5,36956.25,LFE,-9.278259451,-10.53874759,-4.901476803
350,29:03.7,40:18.7,43875,LFE_m,-3.847134508,-8.599046551,-4.518403732
351,42:11.2,51:33.7,18562.5,LFE,3.05184332,-2.966523495,-2.165620632
352,04:37.8,41:45.7,9427.904,LFE_sm,2.735301106,3.673461427,1.785547552
353,16:52.5,29:03.7,29531.25,LFE,-5.408264477,8.317245441,5.641058329
354,14:03.7,15:00.0,7256.25,LFE,-10.79513469,9.172037228,6.887779147
355,22:30.0,00:00.0,9450,LFE_sp,-12.05164003,9.239974207,7.104219293
356,56:12.7,19:18.8,8586.126,LFE_sm,-14.14027485,9.263815622,7.400950339
357,29:03.7,55:18.7,19575,LFE,-23.68853752,7.905557814,7.913276147
358,15:37.2,40:27.1,12289.946,LFE,-26.07704599,7.14965145,7.795245095
359,50:33.2,03:05.2,15151.988,LFE_sp,-26.8018205,6.876307331,7.736954063
360,13:16.9,58:10.6,2693.687,LFE_sp,-28.01261637,6.376581709,7.604239061
361,27:55.1,54:03.6,26768.512,LFE,-28.23722996,6.275600152,7.575925997
362,02:03.5,31:50.8,5387.373,LFE_sm,-30.00150185,5.391057754,7.295177325
363,05:17.1,36:09.0,1851.91,LFE,-32.80430764,3.511276304,6.567539917
364,43:29.5,35:43.7,6734.217,LFE,-32.98511524,3.359511454,6.503545032
365,53:55.2,27:35.5,2020.265,LFE,-34.73035958,1.565807831,5.682524673
366,57:20.1,13:19.7,22559.626,LFE,-34.80714652,1.465427826,5.634093984
367,27:11.2,59:03.7,19912.5,LFE_sp,-35.46329973,0.468379376,5.135370198
368,36:33.7,13:07.5,2193.75,LFE_sm,-36.12809593,-1.164454039,4.262165014
369,34:41.2,20:37.5,9956.25,LFE_dg,-36.22795275,-1.634763013,3.997764694
370,25:18.7,46:52.5,4893.75,LFE_dg,-35.53924298,-5.296518095,1.737881954
371,50:33.2,09:46.4,11953.235,LFE,-34.91659697,-6.199976879,1.117827059
372,25:20.8,07:26.1,2525.331,LFE_dg,-33.91090503,-7.245297067,0.361145761
373,17:35.0,51:15.3,2020.265,LFE_sm,-33.73703043,-7.395873709,0.24690501
374,56:01.5,15:54.0,19192.518,LFE,-33.06759219,-7.9186406,-0.153168528
375,58:07.8,41:06.4,27778.644,LFE,-32.02271685,-8.597670223,-0.699854419
376,30:07.0,40:29.9,22222.915,LFE,-30.30530165,-9.467308933,-1.44881372
377,44:03.7,19:41.2,5737.5,LFE,-28.99763831,-9.983158924,-1.936146458
378,17:09.8,12:26.4,24916.602,LFE,-28.56188547,-10.13344394,-2.082368584
379,10:18.7,14:03.7,72225,LFE_m,-26.9262313,-10.61210476,-2.59206612
380,47:08.4,20:00.9,70372.564,LFE_m,-22.3508462,-11.39942692,-3.687880453
381,09:39.4,04:13.9,186874.513,LFE_m,-15.21443356,-11.43540097,-4.904242727
382,14:03.7,00:56.2,6412.5,LFE_sp,2.178195323,6.88787791,4.84095645
383,35:09.4,09:50.6,30881.25,LFE_dg,0.757061745,7.836527929,5.965858688
384,00:56.2,45:00.0,6243.75,LFE_sm,-10.48759171,10.66841701,11.19251449
385,02:14.7,51:15.3,17340.608,LFE_dg,-18.07274088,10.1165116,12.77413184
386,52:59.1,48:01.7,6902.573,LFE_sm,-19.57377936,9.808713884,12.93399771
387,59:29.1,40:29.9,6060.795,LFE_dg,-21.27648809,9.376032002,13.0459232
388,03:50.1,11:10.6,4040.53,LFE,-23.26568994,8.746907147,13.07455169
389,42:25.3,28:49.7,2784.375,LFE,-24.20794602,8.392773084,13.04808479
390,40:46.9,45:56.2,7509.375,LFE,-24.39905008,8.318060125,13.03803328
391,04:41.2,15:56.2,11475,LFE,-25.60330602,7.800132601,12.94991763
392,36:33.7,07:30.0,1856.25,LFE_sm,-26.57221582,7.333994687,12.83508705
393,17:48.7,25:18.7,4050,LFE_sm,-27.81164763,6.650156524,12.62794016
394,07:11.7,47:25.4,2413.652,LFE,-28.94922358,5.929728251,12.35827461
395,45:14.1,15:56.2,5442.187,LFE,-30.30260896,4.91051447,11.91054299
396,47:48.7,29:03.7,6075,LFE_dg,-30.76048048,4.513460366,11.71767238
397,17:48.7,51:33.7,2025,LFE_sm,-31.23408032,4.068823667,11.488389
398,45:56.2,38:26.2,6750,LFE,-31.57349328,3.717415737,11.30402386
399,17:48.7,25:18.7,4050,LFE,-31.80719738,3.462827235,11.16326328
400,00:56.2,13:07.5,7931.25,LFE,-32.04516238,3.189718546,11.00701898
401,27:11.2,39:22.5,7931.25,LFE,-32.48082605,2.630643147,10.68332681
402,24:22.5,18:45.0,21262.5,LFE,-32.69508428,2.328492039,10.49922598
403,47:19.6,20:34.6,12795.011,LFE,-33.27227818,1.356575205,9.882702269
404,03:45.0,00:00.0,3375,LFE_sm,-33.87768966,-0.232104483,8.780564251
405,50:37.5,02:48.7,7931.25,LFE,-33.98240694,-0.733725594,8.412593998
406,29:03.7,38:26.2,18562.5,LFE,-33.92563709,-3.0718174,6.540988455
407,55:30.6,22:29.6,5219.018,LFE_sm,-32.81287034,-5.497106929,4.319862617
408,53:21.6,06:18.8,4377.241,LFE_sp,-32.67416137,-5.685041753,4.133882182
409,33:31.8,35:15.7,3703.819,LFE,-32.05958068,-6.406397757,3.397696293
410,43:29.5,53:52.4,22222.915,LFE_dg,-31.16862509,-7.236966808,2.500854105
411,15:54.0,21:05.5,11111.458,LFE_dg,-30.05257988,-8.057257146,1.552501198
412,45:00.0,00:56.2,15356.25,LFE,-28.43862455,-8.971554556,0.398144598
413,38:43.3,50:36.0,7912.704,LFE,-26.97170254,-9.612268512,-0.500685839
414,36:33.7,06:33.7,5400,LFE,-26.43833475,-9.810480053,-0.797909777
415,00:56.2,36:33.7,5737.5,LFE_dg,-25.00276001,-10.26647224,-1.542849766
416,26:15.0,44:03.7,8268.75,LFE_dg,-24.28772678,-10.45673503,-1.881595086
417,02:00.7,47:33.6,9932.969,LFE_sm,-20.30893974,-11.1429153,-3.484125716
418,07:12.1,14:07.4,14815.277,LFE,-19.46665221,-11.21746901,-3.768304167
419,02:00.7,59:01.1,28620.421,LFE,-16.82871924,-11.29518424,-4.554744743
420,47:48.7,50:37.5,32568.75,LFE_sp,-13.35447264,-10.92789088,-5.645684207
421,44:03.7,17:48.7,12825,LFE,-9.888845299,-10.19005556,-6.333471574
422,36:33.7,23:26.2,17212.5,LFE,-7.981124542,-9.624401245,-6.541690054
423,38:26.2,40:18.7,90112.5,LFE_dg,-4.96064144,-8.46575237,-6.614803647
424,14:03.7,38:26.2,5062.5,LFE_sm,4.010147676,2.742725856,1.154346501
425,43:07.5,02:48.7,11981.25,LFE_sp,3.121015829,3.870814427,2.680152014
426,32:48.7,38:26.2,21937.5,LFE,0.816428388,5.272602326,5.072306018
427,45:00.0,15:56.2,34256.25,LFE,-3.306438721,6.197848175,7.727450917
428,12:11.2,02:48.7,13837.5,LFE_dg,-7.980869815,6.171557079,9.631473065
429,03:23.0,27:50.4,12267.422,LFE_ext,-9.901825486,5.936124547,10.17784815
430,44:03.7,23:26.2,2362.5,LFE_sm,-11.26127199,5.69504052,10.49347965
431,46:20.7,38:34.9,6734.217,LFE,-12.3256177,5.465048913,10.69966666
432,25:48.9,39:53.5,47644.583,LFE_dg,-13.86106366,5.077721213,10.92946139
433,14:03.7,17:48.7,7425,LFE,-18.78795238,3.28347649,11.12114269
434,02:39.9,19:44.1,19024.162,LFE,-19.44443819,2.977017328,11.07256907
435,51:33.7,06:33.7,51300,LFE_m,-20.70889545,2.319865802,10.92166945
436,36:33.7,21:33.7,2700,LFE_sp,-23.54579335,0.499502117,10.21135362
437,15:56.2,44:03.7,23287.5,LFE,-24.50634025,-0.283163615,9.803511664
438,21:33.7,27:11.2,32737.5,LFE,-26.20185137,-2.0346056,8.691496181
439,00:56.2,06:33.7,11137.5,LFE,-26.95293081,-3.133888276,7.865925231
440,40:18.7,44:03.7,39825,LFE_m,-27.17177863,-3.543267376,7.533372374
441,31:05.9,14:38.3,157412.315,LFE_m,-27.63881829,-4.834216119,6.391192974
442,29:32.1,12:55.5,38603.496,LFE,-26.17642562,-8.934348394,1.54087574
443,34:41.2,41:00.9,11179.688,LFE,-24.33668292,-10.03357361,-0.354288946
444,01:38.2,33:12.2,55893.999,LFE_m,-23.54132606,-10.33769239,-1.001430381
445,39:49.9,23:33.5,20623.539,LFE_dg,-15.57094699,-11.06080058,-5.032447557
446,49:31.5,21:02.7,9091.193,LFE_dg,-5.321848984,-8.534879434,-6.64042537
447,06:26.0,41:30.1,2104.101,LFE_sm,1.155533515,-4.687326205,-5.316824774
448,56:04.1,47:29.4,10285.312,LFE_sm,4.286168093,-0.405980014,-2.172462459
449,17:48.7,47:48.7,5400,LFE_sm,1.917112016,4.753375197,4.138426002
450,19:41.2,01:52.5,2531.25,LFE_sm,-1.625277333,5.981622643,6.854753657
451,55:46.8,18:27.6,19360.873,LFE,-2.420039908,6.113203408,7.317937043
452,36:33.7,30:00.0,24806.25,LFE,-7.300099106,6.265108004,9.468821032
453,35:37.5,11:15.0,27337.5,LFE,-11.18447503,5.76653369,10.53693502
454,18:00.3,30:32.3,15151.987,LFE,-14.10522822,5.080911202,11.01540023
455,50:10.8,01:38.2,18687.451,LFE_sm,-15.47580049,4.661071366,11.14483863
456,37:30.0,02:48.7,12318.75,LFE,-17.86747539,3.781130978,11.20569173
457,15:56.2,13:07.5,10631.25,LFE,-19.00093261,3.28784086,11.15475047
458,51:33.7,28:07.5,12993.75,LFE,-20.04111268,2.785475289,11.05631434
459,27:29.9,28:23.2,25253.313,LFE,-22.50671804,1.357213663,10.58021952
460,21:40.8,58:46.2,13025.391,LFE,-23.78480406,0.447057984,10.15185948
461,25:48.9,42:13.7,11784.879,LFE_sp,-24.36709615,-0.027870732,9.898588432
462,25:37.6,50:27.6,12289.946,LFE,-25.36777453,-0.951667121,9.343122359
463,53:21.6,35:26.9,2525.331,LFE_sm,-25.94521803,-1.580203189,8.924118392
464,35:04.4,20:12.2,20707.716,LFE,-26.37471828,-2.115728591,8.540950496
465,28:07.5,26:15.0,7087.5,LFE,-27.19309196,-3.448804988,7.485784228
466,15:00.0,14:03.7,25143.75,LFE,-27.52499329,-4.29410501,6.738601736
467,16:52.5,38:26.2,4893.75,LFE,-27.68847263,-5.039545185,6.027813887
468,10:11.7,13:14.1,18182.385,LFE,-27.72631803,-5.542138478,5.518387267
469,06:33.7,52:30.0,9956.25,LFE,-27.55764955,-6.717679265,4.221472314
470,14:03.7,18:45.0,3881.25,LFE_sm,-27.27947448,-7.375651026,3.420941489
471,35:52.1,51:12.5,15320.343,LFE,-27.15759056,-7.586591542,3.150400953
472,59:03.9,42:53.0,6229.15,LFE,-26.89188255,-7.96708936,2.642875368
473,19:25.8,57:28.4,16682.619,LFE,-26.41610063,-8.487922639,1.905298037
474,45:56.2,43:07.5,21431.25,LFE,-25.38999805,-9.267524283,0.671120291
475,16:38.9,49:41.2,19982.341,LFE_sp,-23.89375652,-9.993072313,-0.699752688
476,06:33.7,13:07.5,29193.75,LFE_sp,-22.98176149,-10.2976609,-1.390706085
477,00:56.2,57:11.2,35775,LFE_sp,-20.77479093,-10.76141561,-2.77566125
478,13:07.5,22:30.0,29362.5,LFE,-14.02860092,-10.72230905,-5.491733237
479,35:37.5,14:03.7,5906.25,LFE_sm,-10.84260215,-10.16014538,-6.20051575
480,57:11.2,18:45.0,26493.75,LFE,-9.191141034,-9.743927084,-6.440199285
481,21:33.7,44:03.7,66150,LFE_m,-4.751259465,-8.176117228,-6.608945818
482,14:03.7,04:41.2,13837.5,LFE,4.317109072,-0.269194414,-2.029120754
483,32:48.7,53:26.2,19237.5,LFE_sp,3.21340551,3.788020217,2.660039429
484,00:42.1,12:51.6,72729.54,LFE_m,-0.385543851,5.68679576,6.101424617
485,21:33.7,19:41.2,39487.5,LFE_dg,-13.41511051,5.315686459,10.97855886
486,59:03.7,10:18.7,33075,LFE,-16.85186858,4.25328264,11.25142475
487,14:03.7,17:48.7,18225,LFE,-20.28388092,2.754057828,11.06603433
488,50:37.5,49:41.2,25143.75,LFE,-21.6194188,2.021192483,10.83397256
489,08:26.2,13:07.5,3881.25,LFE_sm,-23.08694097,1.078765438,10.43897313
490,55:19.4,06:18.8,198659.392,LFE_m,-23.3730607,0.877179891,10.34041876
491,34:53.2,16:33.3,13300.078,LFE,-27.73347389,-5.489351613,5.395954942
492,21:50.4,34:36.4,33166.017,LFE_sp,-27.61801569,-6.352196287,4.439231645
493,30:00.0,59:03.7,8943.75,LFE_sp,-27.00592086,-7.641839092,2.82989503
494,44:03.7,41:15.0,10631.25,LFE,-26.79076845,-7.916252125,2.453410798
495,47:44.8,51:12.5,7407.638,LFE_sm,-17.84036009,-10.80110209,-4.204705645
496,38:26.5,12:09.5,48823.071,LFE_m,-8.458059015,-9.414983127,-6.52736948
497,14:43.8,48:37.3,59633.438,LFE_m,-1.790153717,-6.608858361,-6.247560313
498,20:37.5,05:37.5,35100,LFE,3.567810924,3.412349309,2.173769983
499,52:30.0,17:48.7,23118.75,LFE_ext,-1.943101597,6.049147332,7.164032509
500,30:00.0,19:41.2,6581.25,LFE_sm,-5.970046614,6.358991742,9.102433977
501,00:56.2,37:30.0,66993.75,LFE_dg,-7.470991486,6.304717567,9.646806234
502,58:19.0,16:41.7,33502.728,LFE,-14.28691923,5.149749293,11.14738768
503,12:48.8,47:22.4,27273.578,LFE_sm,-17.21378408,4.202337851,11.31414708
504,27:18.7,57:59.3,30640.686,LFE,-19.70333388,3.147087885,11.1912989
505,08:26.2,23:26.2,62100,LFE_dg,-21.69999669,2.090850798,10.87046833
506,11:15.0,04:41.2,24806.25,LFE,-24.97914926,-0.283042147,9.662025793
507,46:52.5,51:33.7,14681.25,LFE,-26.13014333,-1.480229415,8.850516095
508,25:18.7,44:03.7,4725,LFE_sp,-26.53537245,-1.9998889,8.460495544
509,41:15.0,04:41.2,8606.25,LFE_sm,-26.8559595,-2.474609193,8.085035249
510,17:48.7,10:18.7,17550,LFE,-27.08888706,-2.869333095,7.756847278
511,30:56.2,44:03.7,25987.5,LFE,-27.45060313,-3.654048468,7.068523913
512,27:11.2,19:41.2,17550,LFE,-27.75596026,-5.006714478,5.751430633
513,23:26.2,38:26.2,18900,LFE,-27.69371438,-5.994530751,4.675776288
514,47:48.7,24:22.5,2193.75,LFE_sp,-27.47905509,-6.695287425,3.843730838
515,23:26.2,46:52.5,8606.25,LFE,-27.27300705,-7.110616691,3.320344299
516,19:41.2,29:03.7,7762.5,LFE_dg,-26.38696266,-8.20095173,1.805628194
517,15:56.2,53:26.2,9450,LFE_dg,-25.39042025,-8.941210368,0.619569176
518,12:11.2,14:03.7,14512.5,LFE,-24.91664134,-9.20747267,0.14370273
519,21:33.7,45:00.0,8606.25,LFE_sm,-24.22611909,-9.530009433,-0.472880981
520,36:56.7,37:50.0,25253.312,LFE,-21.10078918,-10.38800109,-2.640547311
521,42:10.9,18:28.3,30977.397,LFE,-17.35000749,-10.64419662,-4.434388016
522,15:54.0,07:17.7,28283.71,LFE,-12.9381224,-10.72562144,-6.107069902
523,58:07.5,25:18.7,37631.25,LFE,-9.220757379,-10.33693078,-7.034771819
524,12:11.2,13:07.5,28856.25,LFE,-3.80450478,-8.967532402,-7.586647083
525,22:30.0,49:41.2,91631.25,LFE_m,1.175448559,-6.628233964,-7.013771281
526,08:26.2,02:48.7,21262.5,LFE,6.517322198,6.236909514,3.923967902
527,23:08.9,00:16.8,9427.904,LFE,4.017266826,8.856379427,7.413419994
528,32:52.6,48:12.9,15320.343,LFE_sm,2.709271011,9.708154144,8.728905166
529,41:31.7,10:14.5,8922.837,LFE_sm,1.03314639,10.54993218,10.15130825
530,00:44.9,32:55.4,16330.475,LFE_sp,-0.061877222,10.98114202,10.97080154
531,53:26.2,59:03.7,32737.5,LFE_ext,-1.995681392,11.5765533,12.24260888
532,32:24.5,01:21.4,26936.867,LFE,-5.719670183,12.24313006,14.21509461
533,45:38.6,13:56.2,19697.584,LFE,-11.35108664,12.31460165,16.27058504
534,32:48.7,57:11.2,15862.5,LFE,-21.07106058,10.03365153,17.40379243
535,39:22.5,00:00.0,8437.5,LFE_sm,-22.02576356,9.618435267,17.3163686
536,20:37.5,59:03.7,5906.25,LFE,-22.85806445,9.209493666,17.2068135
537,15:56.2,15:56.2,43200,LFE_m,-23.18732366,9.041769431,17.15018467
538,49:41.2,56:15.0,18393.75,LFE_sm,-25.16624283,7.86957373,16.66666562
539,40:18.7,37:30.0,10631.25,LFE,-26.51071512,6.883550808,16.15255957
540,45:56.2,40:18.7,21262.5,LFE_dg,-27.25335882,6.246061269,15.78022562
541,13:07.5,45:00.0,9112.5,LFE_sm,-28.06864574,5.454881983,15.26726447
542,06:33.7,39:22.5,5568.75,LFE_sp,-29.67531968,3.357075672,13.72852146
543,44:03.7,45:56.2,3712.5,LFE_sp,-30.1877084,2.368842797,12.92053154
544,50:19.2,47:58.9,35859.704,LFE,-30.5040605,1.547983166,12.20889735
545,16:02.4,50:22.0,9259.548,LFE,-30.79265931,0.33631354,11.09412086
546,58:55.7,04:17.7,14722.031,LFE,-30.85331976,-0.211360941,10.56438363
547,40:48.2,25:33.4,78285.269,LFE_m,-30.85698219,-1.109057783,9.666821132
548,27:11.2,14:31.9,31640.625,LFE_sm,-29.47457667,-4.824320017,5.451665868
549,42:11.2,30:28.1,28096.875,LFE,-28.43554323,-6.022396991,3.884325125
550,07:30.0,09:50.6,72140.625,LFE_m,-27.32005036,-6.974775337,2.536644555
551,38:54.4,07:58.1,19743.75,LFE,-23.03817711,-9.195256446,-1.190982849
552,21:05.6,33:16.9,18731.25,LFE,-20.85952307,-9.83540383,-2.598371871
553,42:54.5,26:20.8,13406.309,LFE,-6.086112722,-10.01937458,-8.776867883
554,28:08.4,05:19.9,9431.543,LFE_sp,-2.665552076,-9.041724863,-9.113496005
555,50:28.7,52:04.5,10895.801,LFE_ext,-0.659556695,-8.259703047,-9.073612948
556,48:45.0,29:03.7,31218.75,LFE_dg,1.635391697,-7.138215937,-8.771452047
557,10:18.7,30:56.2,8437.5,LFE_sp,6.081515816,-3.965622887,-7.047969343
558,58:07.5,10:18.7,18731.25,LFE_sp,7.423578339,-2.554573407,-6.010506741
559,26:15.0,15:56.2,6581.25,LFE,9.118168379,0.021996991,-3.804684423
560,27:26.0,12:16.5,31490.507,LFE_dg,9.613914263,1.238031483,-2.633584816
561,24:22.4,10:47.1,6384.704,LFE_ext,-11.78920001,12.66288309,19.3132024
562,20:16.7,17:32.9,7036.204,LFE_ext,-12.48725254,12.49369899,19.42301165
563,16:03.6,05:27.0,10163.406,LFE,-16.66498747,11.14775929,19.63526649
564,29:32.6,39:53.4,7820.859,LFE,-20.62751619,9.156956457,19.02892215
565,34:52.5,17:27.0,34954.453,LFE,-22.0798477,8.188381228,18.53193709
566,30:00.0,30:35.2,25235.156,LFE,0.165741329,-9.983087135,-12.67240987
567,03:08.6,34:25.1,37876.465,LFE_ext,-3.90526997,16.62155121,22.6809809
568,27:04.6,12:23.6,13518.985,LFE_ext,-6.436874881,15.68959182,22.62102268
569,39:07.0,45:26.4,3979.336,LFE,-11.82646494,-7.34091775,-4.140069831
570,47:47.0,17:40.7,23393.672,LFE_dg,-8.475674709,-8.085729811,-6.545556652
571,04:36.9,13:23.7,18526.812,LFE_dg,-1.063822208,-7.773404864,-9.388586929
572,39:15.3,08:12.2,16136.867,LFE,2.147597354,-6.952707048,-9.747646577
573,34:11.6,55:26.2,19274.591,LFE,7.150195863,-4.807673474,-9.208164472
574,25:56.3,50:50.5,1494.154,LFE_dg,12.14234224,-1.222038816,-6.833152522
575,37:07.9,03:26.4,23178.515,LFE,-5.490175774,-6.537557106,-5.647450738
576,54:52.0,17:55.0,22982.97,LFE,10.43156407,22.54329832,20.51566228
577,57:26.6,02:14.2,14687.608,LFE,15.45717853,23.48159865,17.67026667
578,12:09.6,08:31.6,3382.015,LFE_sm,13.52836337,24.82081347,19.28876293
579,31:14.5,49:42.7,11908.125,LFE,-0.918271146,22.73739593,20.51950483
580,49:00.5,58:34.2,22173.75,LFE,-2.285691483,21.71287804,19.90128747
581,35:09.9,45:33.2,29423.321,LFE,-7.856834683,15.11453931,15.18618415
582,03:04.0,54:26.9,21082.852,LFE_dg,-9.857793795,10.12540522,11.14190201
583,31:07.9,21:10.7,6602.871,LFE,-10.21699509,8.235704614,9.519617792
584,52:40.9,07:08.6,15267.657,LFE,-10.3461372,6.527477694,8.022454429
585,04:34.0,05:55.0,18081,LFE,20.09581569,20.3437304,12.02156069
586,32:41.0,09:50.0,13029,LFE_dg,18.16660551,25.35888808,15.76202925
587,09:00.0,08:59.6,14399.648,LFE,0.485051453,23.09164714,16.18508539
588,40:52.9,36:00.4,24907.5,LFE,-0.63494753,21.96943263,15.52706849
589,35:58.9,50:34.3,11675.391,LFE_dg,-3.976299991,17.60726767,12.8374475
590,37:26.3,07:16.5,8990.179,LFE_sm,-5.458030266,14.86850035,11.07683237
591,49:22.4,58:24.7,11342.286,LFE,-3.76763872,13.34674503,6.424649252
592,02:55.7,13:32.8,29437.12,LFE,5.615497386,-2.315244487,-0.265729048
593,19:55.6,24:10.6,11054.988,LFE,11.92288133,1.604892904,1.406263991
594,39:47.0,45:10.0,21923,LFE,23.5830883,40.45648721,4.958731756
595,02:15.0,13:31.0,18676,LFE_sm,22.45016589,41.75890959,4.733990855
596,25:41.0,29:17.0,14616,LFE_sm,16.40522345,43.37825623,3.49271588
597,39:54.1,45:28.1,36333.984,LFE,27.39691159,3.723211021,5.56290862
598,08:19.2,14:53.0,72393.75,LFE_m,29.73684066,5.8021156,6.04394145
599,20:09.4,25:46.9,65137.5,LFE_m,34.08992778,10.22621774,6.939934521
600,02:06.0,11:51.0,18585,LFE_dg,39.98139653,17.69177972,8.151372935
601,24:37.0,19:03.0,10466,LFE,41.10144731,19.377522,8.380959418
602,46:15.0,13:28.0,5233,LFE_sm,41.54186366,20.06930992,8.476706803
603,05:37.0,05:46.0,3609,LFE,42.42699282,21.5251022,8.658767098
604,26:58.0,21:14.0,6856,LFE_sm,42.63896682,21.88760978,8.700859743
605,28:49.8,16:29.0,13659.258,LFE_sm,48.52814086,36.97846563,9.9103734
606,54:25.6,58:47.6,7462.002,LFE_sm,48.60906641,37.45844466,9.91400137
607,31:23.1,56:58.9,15935.8,LFE_sp,48.91975755,40.27346868,9.989816023
608,30:28.1,41:15.0,7846.875,LFE_sm,48.63998955,45.02837013,9.929988937
609,23:54.4,36:33.7,11559.375,LFE,48.57782958,45.33602214,9.903309481
610,49:13.1,39:22.5,21009.375,LFE,47.90965802,47.54180046,9.769795976
611,25:18.7,01:52.5,23793.75,LFE,47.6636461,48.10728687,9.729181713
612,05:37.5,11:15.0,21937.5,LFE,47.29081062,48.83851914,9.648304499
613,44:03.7,33:16.9,2953.125,LFE_sm,47.02276326,49.29014813,9.601664224
614,21:38.1,58:22.6,16604.56,LFE_sm,45.98815321,50.66833952,9.376549779
615,04:28.0,08:18.3,21830.361,LFE,45.49483482,51.1768978,9.275940851
616,27:02.1,41:42.4,18880.313,LFE,44.40572503,52.07276069,9.054393905
617,31:46.9,36:01.6,25454.707,LFE,43.25739475,52.76682256,8.827554052
618,56:43.1,23:54.4,5231.25,LFE_sm,41.49640845,53.48005474,8.476303821
619,11:15.0,52:58.1,9703.125,LFE_sm,41.2041807,53.56628953,8.413741657
620,36:33.7,04:41.2,12487.5,LFE,40.09746159,53.82122315,8.184666894
621,48:16.9,39:50.6,10293.75,LFE,39.5573366,53.90870261,8.07410086
622,39:50.6,41:15.0,10884.375,LFE,39.10634168,53.96276969,7.996656607
623,00:00.0,11:43.1,15103.125,LFE_dg,28.18142348,52.03629392,5.790645671
624,33:16.9,41:43.1,11306.25,LFE,26.17043152,51.16352458,5.382700885
625,53:26.2,19:13.1,5146.875,LFE_sm,24.94195736,50.56447344,5.138007704
626,47:04.7,22:32.4,117327.656,LFE_m,33.98727806,8.622981531,5.011697105
627,36:59.6,08:07.0,16267.412,LFE_sm,38.77731698,14.16917938,5.215236623
628,14:40.4,58:37.6,6237.246,LFE_sm,41.4557341,18.03045274,5.233405743
629,32:50.6,34:52.3,18121.728,LFE_sm,44.9705144,24.9072359,5.047541744
630,11:25.6,14:27.3,14581.67,LFE,45.52144331,26.43474505,4.962746669
631,20:56.8,53:04.2,12727.353,LFE_sm,46.17563305,28.73644267,4.806272352
632,03:46.8,43:19.9,16773.135,LFE,46.4176299,29.89389056,4.711733282
633,20:34.0,21:18.6,21644.649,LFE,46.73649907,33.1064424,4.385275738
634,23:39.9,28:41.4,7501.553,LFE_sm,46.71495325,33.8254075,4.300658402
635,28:17.1,55:11.6,16014.551,LFE,40.80992894,42.31492383,2.281353083
636,22:11.9,06:46.6,24274.687,LFE_sm,39.15732799,42.78608932,1.944605451
637,15:29.1,38:01.4,51752.285,LFE_m,36.93210654,43.06741272,1.537186947
638,22:13.7,22:39.9,28826.192,LFE,35.13571575,43.06868724,1.229824319
639,46:45.9,59:48.8,4382.93,LFE_sm,33.81795493,42.96416345,1.021814709
640,50:23.2,20:17.5,5394.375,LFE_sm,33.59223946,42.93831253,0.981826509
641,01:36.3,12:07.8,29431.508,LFE,33.73097809,7.039261782,6.778434925
642,30:56.2,34:41.2,39825,LFE_dg,35.02342123,8.399744681,7.131069567
643,04:38.7,44:25.0,9586.262,LFE_sm,39.56300039,14.67760774,8.496919584
644,04:48.2,52:22.5,20854.325,LFE,40.12773037,27.16002063,9.652858976
645,57:11.2,32:48.7,5737.5,LFE_sm,37.05310032,29.4559732,9.283513085
646,57:58.8,56:21.3,25102.494,LFE,34.61730627,30.22295083,8.894811328
647,54:02.8,07:24.2,51201.386,LFE_m,32.75704426,30.482239,8.584507626
648,35:50.2,51:55.2,33365.039,LFE_dg,-2.681650294,-1.912572723,-2.289252848
649,27:57.7,03:47.5,16549.805,LFE,11.97437344,9.53727472,14.59778062
650,26:14.6,38:55.1,11560.43,LFE,5.524855828,8.662883403,11.34403459
651,53:26.2,24:22.5,23456.25,LFE,1.892963241,7.424544979,8.704721682
652,44:41.0,18:02.5,5601.445,LFE_sm,-1.014676661,5.72656957,5.828520138
653,39:22.5,57:11.2,29868.75,LFE,-2.283751299,-1.18621672,-2.104735219
654,29:53.0,52:44.1,22971.094,LFE,6.436044546,-4.828629386,-2.888361506
655,14:36.1,40:16.9,30340.803,LFE,20.1596109,4.313197677,16.01512513
656,04:41.2,47:48.7,52987.5,LFE_m,3.729643582,6.497249077,11.75186138
657,50:37.5,45:00.0,21262.5,LFE,-2.181224075,-1.29249385,-3.011970346
658,55:18.7,38:19.2,178980.469,LFE_m,5.034490329,-4.348187703,-4.328060554
659,24:22.5,15:00.0,24637.5,LFE_dg,24.07855312,-0.310650365,10.90045835
660,55:50.4,07:12.4,133882.031,LFE_m,23.45356631,1.73066192,13.75628965
661,45:52.7,14:17.8,37705.079,LFE,19.42477648,4.599624636,16.28452533
662,16:06.8,21:26.7,29119.922,LFE_sp,17.29452253,5.389982883,16.4987085
663,26:29.1,08:43.8,20534.765,LFE_ext,12.73292934,6.41160919,15.91230678
664,41:25.5,16:13.8,2088.281,LFE_ext,10.33638776,6.67168791,15.17385626
665,06:30.2,17:59.3,7889.063,LFE_ext,9.945818799,6.696450921,15.02879913
666,51:05.6,52:40.5,21694.922,LFE_sm,-0.456704314,5.378932712,8.054850009
667,13:11.0,23:54.4,54643.359,LFE_m,-1.146172754,-2.022823986,-3.657841398
668,52:47.6,52:40.5,7192.969,LFE_sm,9.876331033,-5.109826179,-3.112777627
669,00:14.1,55:15.2,68101.171,LFE_m,12.06993957,-5.197647902,-2.19568228
670,58:53.2,29:31.9,19838.672,LFE_sp,18.83232971,-4.428928621,2.250622207
671,22:16.6,12:05.8,17389.16,LFE_sm,23.33465562,-2.042458532,8.110274118
672,42:41.9,53:46.3,18664.365,LFE,23.79013154,-1.364578317,9.379612991
673,18:47.1,38:35.0,51587.842,LFE_m,23.99314809,-0.814719833,10.32308491
674,50:04.3,11:00.8,12056.485,LFE,23.96297947,0.4794548,12.31391546
675,33:28.2,17:42.1,9853.857,LFE_sm,23.55208483,1.370227816,13.49230272
676,57:54.8,12:36.7,18881.894,LFE,20.89412291,3.690666938,15.79020259
677,39:02.6,28:11.7,28149.082,LFE,19.53813852,4.38547661,16.20387897
678,55:13.5,04:34.7,7761.269,LFE_ext,18.19013917,4.938185681,16.39933135
679,12:16.6,50:05.2,31068.633,LFE_dg,17.60539968,5.13967763,16.43473756
680,32:23.2,37:21.0,29097.861,LFE_sp,15.36587249,5.780404264,16.3399132
681,18:10.4,43:58.5,12348.106,LFE,12.66398191,6.302964741,15.83716141
682,49:31.4,46:58.0,21446.631,LFE,10.17686501,6.580216703,15.05663548
683,42:53.7,11:40.1,8926.436,LFE,7.899587675,6.674391243,14.08919599
684,11:27.7,42:03.8,12636.123,LFE,6.516207759,6.647469542,13.38439491
685,24:15.8,51:06.3,8810.508,LFE,3.107981957,6.30686927,11.20454501
686,54:58.2,35:26.4,6028.242,LFE_ext,2.219015309,6.140261869,10.51244224
687,15:48.4,12:50.1,35821.67,LFE,0.643863037,5.735765023,9.122329853
688,02:58.0,25:50.4,12172.412,LFE_sm,-3.400189408,3.311069791,3.429623009
689,41:34.5,17:55.8,27381.269,LFE,-2.965525466,-0.530176343,-2.261533542
690,24:57.7,00:10.5,95712.891,LFE_m,3.229961957,-3.946266958,-4.477561728
691,12:46.4,14:03.7,39677.344,LFE_m,21.90252269,-2.236114138,8.987588918
692,44:45.9,44:31.9,14385.937,LFE_sp,21.63244547,-1.014541125,11.35513522
693,33:52.0,08:29.8,12877.735,LFE_sp,20.01902651,0.678352529,13.85561738
694,08:08.7,08:01.6,7192.969,LFE_sp,18.82087507,1.450054076,14.70329239
695,28:14.5,41:29.1,18794.532,LFE,15.33585346,2.998665434,15.7321699
696,48:23.9,35:09.4,100005.469,LFE_dg,10.80811614,4.229728435,15.45231015
697,05:05.9,45:38.7,6032.813,LFE_sm,-3.89391798,3.099179216,3.945564883
698,38:12.5,18:12.3,9599.766,LFE_sp,12.67244113,3.729573057,15.70290106
699,20:09.4,35:09.4,51300,LFE_m,0.225206734,-2.565120896,-5.102763475
700,42:01.2,05:18.5,8597.286,LFE_dg,13.07381847,-5.533058424,-2.664351855
701,27:13.9,31:54.4,129880.547,LFE_dg,17.80131525,-5.284162163,0.995580838
702,31:28.1,53:34.2,22926.094,LFE,21.81295999,-3.124755693,8.113703578
703,14:39.6,25:45.5,7865.86,LFE_sp,20.76283174,-0.428329404,12.95805328
704,50:17.2,06:16.9,4559.626,LFE,20.33015474,-0.046334643,13.45924899
705,50:22.0,59:03.7,22121.77,LFE_sp,18.74719239,1.035881421,14.63176805
706,17:48.7,02:48.7,24300,LFE_sp,15.39056032,2.594358305,15.58950734
707,15:00.0,09:22.5,10462.5,LFE_sp,12.7274957,3.458099239,15.58559965
708,32:06.9,46:46.5,11679.609,LFE,8.913575564,4.315635513,14.78626145
709,58:17.0,39:31.3,24074.297,LFE_dg,7.583591197,4.518598877,14.31332243
710,45:40.1,34:30.4,20930.274,LFE_sp,12.91435651,0.318226734,12.46702855
711,27:39.4,37:01.9,18562.5,LFE,10.1498506,1.097327133,12.18539159
712,43:08.9,34:23.0,6674.063,LFE_sm,5.880424856,1.983754853,10.85120367
713,55:18.7,15:00.0,22781.25,LFE_ext,1.115874434,2.457095018,7.905624103
714,47:48.7,08:26.2,8437.5,LFE_sm,-2.411260994,2.035931834,3.553427688
715,59:39.3,49:14.9,20975.625,LFE_dg,-2.902273907,0.467361417,-1.299889897
716,14:12.4,16:32.5,212540.121,LFE_dg,3.267977745,-2.874081533,-5.120021262
717,14:45.8,54:30.4,59984.648,LFE_m,20.061417,-3.243042812,9.125189261
718,55:13.8,12:53.8,15459.961,LFE_sp,14.8740075,-0.440430528,12.3044505
719,06:16.2,10:18.9,18242.754,LFE_sm,13.42019683,0.072788809,12.42717268
720,33:54.7,55:15.4,22880.742,LFE,10.21700566,1.016048809,12.16300877
721,57:05.8,41:37.1,99871.347,LFE_m,7.762927333,1.593084529,11.537101
722,00:56.2,18:59.1,155882.813,LFE_m,-2.95699618,0.563174544,-1.128593773
723,52:44.1,09:22.5,15398.437,LFE_sm,17.73155996,-5.566689595,0.744428195
724,37:30.0,45:14.1,43664.063,LFE_m,18.48946513,-5.504432751,1.632968107
725,00:56.2,00:56.2,32400,LFE_dg,16.5798173,-2.936167002,9.525601492
726,59:03.7,15:00.0,15356.25,LFE_sp,11.13898665,-0.969653477,10.45782195
727,19:36.0,21:58.7,39742.734,LFE_m,4.142846489,0.806261748,8.576459635
728,30:00.0,48:45.0,15525,LFE_sm,-1.071498818,-0.45015288,-3.195233339
729,46:24.4,00:00.0,18815.625,LFE_sp,9.342216914,-4.166649579,-4.595803811
730,03:45.0,05:37.5,68512.5,LFE_m,13.09644811,-5.027667212,-3.159439714
731,46:52.5,14:31.9,30459.375,LFE,17.6833915,-5.643343873,0.371990568
732,55:18.7,00:56.2,21937.5,LFE,19.04757541,-5.569463341,2.468630465
733,52:01.9,50:37.5,32315.625,LFE,19.50609819,-5.392200794,3.791655514
734,15:28.1,32:48.7,26240.625,LFE,19.61375541,-4.988447577,5.574938644
735,33:16.9,07:01.9,66825,LFE_m,19.10890754,-4.432328055,7.170043563
736,21:33.7,58:35.6,27421.875,LFE,16.75996646,-3.123903927,9.379535675
737,21:05.6,30:00.0,25734.375,LFE_sp,14.60320907,-2.233119564,10.14902283
738,54:08.0,01:28.5,32840.53,LFE,14.98903803,-2.488695957,9.9850731
739,32:12.0,52:52.2,22840.218,LFE,8.486243302,-0.331891501,9.998236638
740,35:04.5,11:02.9,34558.457,LFE,15.45986082,-2.907843655,9.619295771
741,48:10.0,41:40.6,10410.678,LFE,-2.307076603,-0.099406055,-3.952628303
742,11:52.4,17:10.5,21918.122,LFE_sp,18.11898456,-5.647574678,6.529557717
743,21:50.8,06:08.7,9857.911,LFE_dg,17.41822776,-5.0762408,7.643472378
744,27:34.6,12:37.4,6302.812,LFE_sm,11.97318722,-6.446941095,-5.389957199
745,06:05.3,40:52.9,16487.607,LFE_dg,1.772596628,1.444217922,8.30771431
746,43:40.9,09:05.9,30325.02,LFE_dg,17.62788479,-5.675918318,6.957653275
747,59:56.1,59:19.9,3563.789,LFE,7.055340245,-0.300656737,10.31055168
748,29:59.3,05:47.3,5748.047,LFE,6.472427023,-0.080644969,10.18806642
749,12:57.7,06:24.3,10406.602,LFE_dg,-2.94841029,0.117871602,-3.505521528
750,12:10.5,47:19.6,27309.023,LFE_ext,7.89546922,0.060469057,11.80306328
751,57:26.5,21:43.8,5057.227,LFE_ext,1.332299511,2.401993707,9.47856372
752,38:35.6,23:47.9,17112.305,LFE_dg,-0.722348257,2.866441276,7.914106145
753,49:48.8,00:56.8,18667.968,LFE_ext,-0.270993886,-2.18921189,-7.249013515
754,28:58.3,36:12.8,14834.531,LFE_dg,4.895634344,-4.939745428,-8.230863349
755,11:33.1,54:30.4,9777.305,LFE,8.440098118,-6.421109438,-7.634062017
756,12:11.2,51:33.7,13162.5,LFE_dg,14.69082321,-8.21978247,-4.003837293
757,37:30.0,19:41.2,24131.25,LFE,17.97395025,-8.167415751,1.133332959
758,04:35.0,36:33.7,16318.77,LFE,17.98826229,-7.631537703,2.96736686
759,51:33.7,06:33.7,18900,LFE_sp,12.12617249,-2.61612251,10.29567963
760,12:37.3,03:14.2,17436.972,LFE_ext,5.361474938,0.736653703,10.73418912
761,16:34.0,03:32.5,42418.477,LFE_dg,0.061202299,2.568690236,8.464104537
762,55:21.9,57:54.0,18152.051,LFE,-4.666699683,1.034207246,-3.893627405
763,09:24.8,12:55.7,18210.938,LFE_sp,16.08803787,-8.844444147,-3.665836613
764,11:29.1,35:23.4,23034.375,LFE_sp,17.23445164,-8.737526412,-1.516685139
765,20:51.6,06:47.8,20756.25,LFE,12.33902279,-2.809579329,10.16845287
766,49:27.2,02:48.7,22401.562,LFE,9.285685657,-1.111378474,10.914494
767,40:18.7,33:30.9,17592.188,LFE,4.909605263,0.904555181,10.61261079
768,32:40.1,06:23.0,34422.896,LFE_dg,-4.83188501,1.272635442,-3.444358291
769,26:54.2,49:03.3,4929.082,LFE_sm,9.783654096,-7.412472355,-8.652441096
770,40:22.2,58:08.5,19066.251,LFE,17.87303901,-8.153657828,1.652059612
771,34:41.2,17:48.7,42187.5,LFE_m,16.27579677,-4.98076796,7.767581095
772,16:48.5,05:13.1,6504.609,LFE_sp,11.28228447,-0.896753334,11.89337372
773,02:00.7,05:03.0,18182.385,LFE_dg,8.352914156,0.840561942,12.6345047
774,47:48.7,51:33.7,29025,LFE_ext,0.5876244,4.154608455,11.29556748
775,42:54.8,05:42.6,4967.754,LFE_ext,-3.374055621,5.071968293,8.641039615
776,19:44.6,37:57.2,15492.656,LFE_sm,-3.980732583,5.144963715,8.05845648
777,19:48.5,40:49.5,15661.055,LFE,-7.58021387,1.458415551,-5.846149569
778,30:56.2,20:37.5,49781.25,LFE_m,-4.699562741,-1.582274473,-9.940124056
779,02:54.9,47:58.4,9903.516,LFE_sm,1.135719221,-5.479573139,-12.46165344
780,05:37.5,12:11.2,18393.75,LFE_ext,2.590543611,-6.239479869,-12.56504437
781,04:41.2,45:56.2,6075,LFE_sp,6.017042231,-7.7915436,-12.1735478
782,24:22.5,19:41.2,60918.75,LFE_m,7.087459141,-8.205873049,-11.87391054
783,27:11.2,28:07.5,18056.25,LFE_sp,12.09640347,-9.642103703,-9.179510626
784,21:33.7,15:00.0,14006.25,LFE_sp,14.58488033,-9.912566406,-6.7145494
785,09:51.9,23:21.0,33209.122,LFE_sp,16.37168194,-9.718203936,-3.95281897
786,41:01.1,06:07.0,12305.918,LFE_dg,17.44475901,-9.129847816,-1.093157101
787,07:22.3,19:14.2,18711.954,LFE_dg,17.84017446,-7.997006402,2.290721186
788,32:06.1,26:06.7,21240.597,LFE,17.55481691,-6.947371141,4.59615106
789,54:20.0,11:49.1,11849.063,LFE_dg,12.38996392,-1.697874585,11.36851017
790,04:44.4,28:21.9,8617.5,LFE_ext,9.57473789,0.122225559,12.41332368
791,16:13.3,54:01.9,13068.589,LFE_dg,17.76139574,-6.637864103,5.855831624
792,11:28.5,40:12.1,34123.538,LFE,17.53670734,-5.892820811,7.126184611
793,00:28.1,51:05.6,24637.5,LFE_ext,7.460490291,3.831165898,15.87691981
794,33:16.2,27:12.7,57236.484,LFE_m,-7.719260209,-5.456385009,-16.56151496
795,41:41.9,55:24.1,33222.135,LFE,4.546093923,11.23776297,21.89520897
796,16:33.1,37:46.9,26473.89,LFE,1.711509537,12.83835009,21.73698765
797,30:53.8,44:59.8,8045.986,LFE_ext,-1.538187288,14.31037499,20.98565304
798,19:43.6,04:45.7,35102.104,LFE,-8.557619527,-2.18206903,-10.67951325
799,38:12.3,56:11.3,15479.053,LFE_sp,-4.050211363,-5.105600356,-10.93844228
800,59:00.8,27:06.5,41285.659,LFE_m,-16.53569811,16.464918,9.015557091
801,47:48.4,19:25.2,27096.805,LFE,6.47561169,13.28626184,21.98104393
802,57:29.2,10:43.3,7994.076,LFE_dg,5.153011543,14.56128972,22.55636226
803,35:24.3,20:52.4,24328.125,LFE_dg,10.15736516,5.224465492,12.44456897
804,02:41.7,27:57.8,12316.113,LFE,7.749941714,11.46300412,17.45274927
805,03:17.8,11:38.7,14900.976,LFE_sp,6.414595865,13.60841952,18.82501549
806,29:37.5,01:13.1,9095.625,LFE_sp,2.307711049,18.88997607,16.98007325
807,49:41.2,37:07.5,17246.25,LFE_sp,1.076168363,20.41198819,17.57020759
808,07:06.0,51:41.0,13475,LFE_sm,-10.63984771,42.04552967,0.960686757
809,01:26.0,41:39.0,13213,LFE,9.200426771,9.277013208,-0.675931514
810,33:58.0,32:13.0,7095,LFE,9.882946654,8.140454323,-1.230280113
811,00:50.0,04:17.0,11007,LFE_sm,-3.357011029,44.31854653,0.406642054
812,45:41.0,08:38.0,12177,LFE,8.928953488,32.99089234,-1.069301069
813,57:52.0,18:24.0,12032,LFE,-13.19744437,17.04585122,1.973345678
814,32:25.0,03:10.7,34245.703,LFE,13.15782564,4.480981968,-2.086749442
815,32:35.0,01:36.7,19741.641,LFE,15.63448234,9.244291914,-2.455050929
816,13:05.9,04:17.7,21071.777,LFE,36.78423961,29.3074448,-5.98376627
817,33:00.9,09:09.8,23768.965,LFE_sp,37.35824004,31.24966702,-6.073720913
818,34:29.7,18:28.7,35038.972,LFE,37.66816173,32.41647586,-6.114857297
819,31:55.4,32:44.5,36049.103,LFE,38.08631101,34.17773883,-6.177106549
820,00:42.8,56:13.4,42930.632,LFE_m,38.41655579,35.79898949,-6.225958631
821,16:57.1,54:19.1,27441.933,LFE,38.72276262,37.62119916,-6.270652228
822,15:08.2,14:27.0,28758.788,LFE,38.92788667,39.18285178,-6.299781068
823,48:37.4,06:55.0,26297.579,LFE_sp,39.06793724,40.62770426,-6.317546286
824,49:13.1,01:24.4,29531.25,LFE,39.18983662,43.2138293,-6.326735888
825,48:22.3,34:56.9,17194.571,LFE,39.17139696,44.90473974,-6.328228935
826,35:09.4,29:03.7,39234.375,LFE,39.13366036,45.69333551,-6.309171543
827,34:15.8,23:38.9,17363.144,LFE,38.98692375,47.35607779,-6.291515767
828,44:31.9,22:30.0,2278.125,LFE,38.9167966,47.907815,-6.26912618
829,12:02.1,09:02.3,10620.176,LFE,38.83229034,48.47471318,-6.262100561
830,43:35.6,08:54.4,33918.75,LFE,38.69852129,49.23772863,-6.224289505
831,42:05.0,40:15.0,28690,LFE,38.44571394,50.39683154,-6.182575401
832,43:51.0,47:44.0,21833,LFE,38.14413788,51.49760625,-6.135824316
833,18:23.0,25:08.0,18405,LFE,37.84111365,52.41430674,-6.081983195
834,07:14.0,16:24.0,4150,LFE_dg,37.65987514,52.8986355,-6.042603567
835,59:06.0,08:25.0,7759,LFE,37.46678451,53.37023001,-6.021210823
836,48:32.0,22:03.0,12811,LFE_sm,37.12066268,54.13019656,-5.957386951
837,15:28.1,18:16.9,32568.75,LFE,36.76159736,54.82290688,-5.888522612
838,02:15.0,15:27.0,29592,LFE_sm,34.26025266,58.04657258,-5.46282348
839,06:40.0,25:35.0,22735,LFE,31.82771204,14.42902359,-6.043347441
840,26:54.9,03:21.6,16586.719,LFE,31.00277799,32.76103805,-8.290645676
841,48:47.6,50:11.8,21684.178,LFE,28.94424671,38.47685856,-7.909418687
842,59:55.0,51:29.0,13894,LFE,30.53139559,23.41904227,-7.730361622
843,56:34.2,56:43.8,10809.668,LFE,22.60170723,28.66801331,-5.333995069
844,54:22.5,22:58.1,16115.625,LFE,0.041687577,23.69384343,0.158630339
845,50:28.0,44:45.0,6857,LFE_dg,21.26879599,23.26705343,-9.76388019
846,10:37.0,03:30.0,46373,LFE_m,21.17529608,28.5929501,-11.59660815
847,47:21.0,05:19.0,73078,LFE_m,20.46263329,32.75104656,-12.95608563
848,35:41.0,14:42.4,2341.406,LFE_sp,-14.67097175,27.37438316,-19.88473027
849,33:27.9,36:47.5,25399.512,LFE,-14.92681301,26.95980478,-19.57945165
850,48:25.8,25:31.2,13025.39,LFE,-15.60654741,25.73184928,-18.70902398
851,32:43.1,16:25.1,13421.953,LFE,-12.50786478,-0.737122519,0.42140279
852,17:32.7,14:34.6,7021.824,LFE,-15.02435418,26.59975452,-19.25561931
853,51:55.1,33:54.1,6119.018,LFE_sm,-15.48118493,25.76324938,-18.65042141
854,11:14.6,04:55.8,6821.201,LFE,-15.89480364,24.92944818,-18.04105863
855,10:41.7,47:39.8,5818.082,LFE,-16.33127252,23.9440491,-17.32366967
856,47:51.0,58:04.1,4213.094,LFE_sm,-16.5116058,23.49998789,-16.99541393
857,36:09.8,28:45.1,6755.273,LFE,-17.0072654,22.10857437,-15.98856705
858,50:07.6,59:01.4,14933.827,LFE_sp,-5.096708218,20.27113275,-19.02100028
859,06:15.0,48:37.5,13342.518,LFE,-6.639925348,18.93222531,-17.87777788
860,01:18.9,41:52.3,31233.34,LFE,-7.915222986,17.5813513,-16.7100548
861,32:02.3,16:12.4,49450.194,LFE_m,-3.825665992,-4.413512168,4.668731636
862,40:34.4,56:25.9,29751.559,LFE,-7.302762048,-2.826171743,2.529981822
863,28:34.6,01:09.0,9154.326,LFE_sp,8.780182831,17.82373318,-20.34280341
864,41:29.1,24:57.2,6208.106,LFE,8.210305823,17.88204566,-20.45724916
865,51:54.5,57:13.7,61519.223,LFE_m,-0.972095016,13.29882917,-18.17555174
866,07:01.3,46:03.9,13142.595,LFE,15.35591559,12.12891539,-15.17998201
867,25:06.5,47:19.7,26533.164,LFE_sp,14.31338518,12.76702268,-16.15486291
868,10:51.5,14:21.5,7410.093,LFE,7.83940208,14.46176972,-19.09177466
869,29:03.7,40:18.7,43875,LFE_m,-4.409786819,11.7384631,-16.46958221
870,35:13.7,47:18.3,22324.629,LFE_ext,-7.517711448,9.570170301,-13.77745947
871,11:42.8,03:03.5,6680.743,LFE,14.85795337,12.3495386,-15.78049095
872,35:32.1,15:03.0,20370.863,LFE,13.42100854,13.09128647,-16.92642972
873,08:36.1,34:34.9,12358.828,LFE_ext,-6.384912301,10.45116157,-14.89042713
874,39:34.1,15:06.3,45332.226,LFE_m,-7.087388465,9.914080653,-14.19768452
875,26:46.5,27:14.5,25228.06,LFE,7.592254888,10.45958552,-16.34275467
876,49:52.5,25:48.3,12955.781,LFE_sp,0.354644886,8.912610832,-14.61340739
877,49:48.6,21:33.1,19904.521,LFE,-7.388628334,0.398293714,-1.297556692
878,43:49.4,32:59.8,35350.429,LFE_dg,-5.515662103,-1.833305981,2.570468586
879,47:26.7,12:57.8,15931.158,LFE,-2.154883647,-5.516537741,8.486034008
880,23:35.7,57:53.5,5657.795,LFE,2.417417874,-5.771289787,8.988457156
881,59:20.5,52:50.5,10409.977,LFE,1.566394718,-5.775789182,8.998445941
882,56:29.0,42:45.1,6376.111,LFE,9.638337941,-4.616560274,7.285608645
883,37:49.7,40:10.3,7340.625,LFE,8.261839052,11.68225866,-18.18066764
884,26:33.9,26:10.0,7176.149,LFE,5.654939364,11.96788572,-18.6466502
885,22:30.6,22:49.2,46818.589,LFE_m,-13.5021314,-5.748969584,8.895411858
886,55:14.1,10:34.5,15320.343,LFE_dg,-24.86773769,15.39185585,-17.52338238
887,18:09.8,03:02.8,9892.969,LFE_sm,-27.23573243,14.08729665,-15.61437454
888,47:59.2,06:33.2,4713.952,LFE_sm,-28.52186596,13.19220986,-14.32944424
889,19:07.1,20:21.5,46874.356,LFE_m,-13.89502169,-11.71671698,17.05279693
890,28:32.3,43:23.1,22490.88,LFE,-28.59110245,19.53187066,-17.36454178
891,56:55.3,34:42.5,5867.186,LFE,-30.79218228,19.27840682,-16.62758632
892,12:21.4,29:02.8,15401.364,LFE_sp,-33.49595349,18.8613437,-15.59751603
893,51:03.7,02:15.7,4272.019,LFE,-43.76550206,-22.09926972,35.6146931
894,13:49.5,40:02.2,33972.72,LFE,-43.20956575,-22.33179569,35.79784256
895,44:09.1,51:57.7,4068.589,LFE_sm,-41.44238831,-23.05342204,36.29824447
896,05:56.6,03:09.0,28632.346,LFE,-7.469147273,14.4643191,-16.5336582
897,47:25.0,36:09.5,2924.473,LFE_sm,-1.75656336,-23.45718466,30.25893124
898,30:04.7,57:58.2,5273.438,LFE_ext,3.519649887,10.91793884,-14.3083296
899,57:48.9,28:51.3,1862.432,LFE_sm,-5.479013057,12.62492526,-14.01085332
900,46:25.0,15:00.0,77315,LFE_m,-15.65253994,-25.06829127,32.3193202
901,54:57.0,26:31.9,12694.922,LFE_sp,8.096919638,-34.97576139,34.78905545
902,52:05.0,24:46.8,30761.719,LFE_ext,8.753868979,-34.97551474,34.54291984
903,16:36.3,54:49.9,9493.594,LFE_sp,10.7716385,-34.84393981,33.71246728
904,22:33.0,55:35.0,23582,LFE_sm,24.34764845,-28.12495316,21.61312779
905,43:03.0,55:42.0,15159,LFE_sm,27.4574698,-21.52669683,13.35682172
906,41:57.8,32:58.0,6660.211,LFE_sp,7.858901327,7.210664938,-9.538330157
907,47:28.5,41:44.6,6856.099,LFE_sm,-3.283002704,9.381683253,-7.393805407
908,52:17.7,47:56.7,53738.965,LFE_m,-16.36798101,-17.67395959,25.2394783
909,42:17.2,40:32.8,21495.585,LFE,-14.67245742,-20.25127428,27.29547532
910,47:28.0,28:22.3,45654.306,LFE_m,8.558155159,-35.68337383,34.14503155
911,30:53.7,34:53.7,3840.082,LFE_sm,10.65688812,-36.07527061,33.69047957
912,25:56.0,40:11.2,4455.175,LFE_sm,8.525587763,8.125516344,-13.31798344
913,29:03.0,32:23.0,72200,LFE_m,-0.24959341,-59.11417808,43.16403486
914,45:36.0,03:48.0,4692,LFE,10.99815867,-59.93378435,37.8701129
915,43:23.1,11:07.8,1664.742,LFE_sm,14.14170241,-58.82604227,35.40157368
916,29:53.6,34:57.8,18304.267,LFE_sp,14.85245809,-58.47281853,34.76945246
917,02:01.3,46:52.2,2690.881,LFE_sm,32.45287206,-36.18367501,17.97355305
918,09:54.1,02:43.5,24769.336,LFE,32.69297385,-35.77287102,17.72766313
919,14:04.0,20:49.0,18405,LFE_sm,33.13566569,-34.95419296,17.20796881
920,10:01.0,06:38.0,64597,LFE_m,34.5849474,-31.0719953,14.85769269
921,30:36.8,57:31.7,19614.809,LFE,10.5324492,7.819358676,-5.956573461
922,06:42.0,07:30.0,21648.052,LFE,5.920787694,8.893316984,-6.633943787
923,15:15.5,53:41.2,2305.767,LFE_sp,13.4187212,-18.94123195,17.38351955
924,42:36.4,44:40.6,10924.162,LFE_sm,7.157579129,6.317175604,-5.165985326
925,30:41.6,04:09.3,12807.638,LFE,3.501361141,7.109739158,-6.068008862
926,50:11.7,47:23.3,7031.645,LFE_sm,0.973015434,7.246960997,-6.322585203
927,13:10.1,38:15.5,12305.378,LFE_sp,-2.803363219,6.833716631,-6.168768991
928,50:04.7,59:49.7,7785.035,LFE,-7.405182334,5.221707661,-4.996467463
929,29:24.2,11:52.7,24148.48,LFE,6.056316101,-15.16811457,15.99629889
930,21:26.7,57:08.8,20142.147,LFE_sp,11.41967926,-8.90037564,10.32735984
931,26:55.1,21:22.6,24867.499,LFE_dg,1.540905286,-17.20298175,17.72850129
932,54:22.5,17:48.7,19406.25,LFE_sm,-6.044772113,4.321087796,-5.045707418
933,46:52.5,33:45.0,6412.5,LFE_ext,-4.414434663,-17.94149116,18.00854386
934,17:31.2,04:49.0,35237.812,LFE,10.8009225,0.125935115,0.915626775
935,07:52.1,02:41.2,28489.043,LFE,-15.79639508,-5.384259253,4.069997955
936,22:30.9,57:17.1,9286.172,LFE_ext,5.084153725,-9.121623182,11.49673105
937,25:17.8,24:32.0,7154.228,LFE,7.90064445,-3.923738519,5.865875339
938,14:30.7,25:07.6,4236.945,LFE,7.490747136,-0.275049958,1.527292707
939,22:30.2,26:11.8,25421.668,LFE,7.014717982,0.568465279,0.462725633
940,13:11.4,43:14.9,9003.507,LFE,-3.264190161,3.598122368,-4.737250361
941,26:07.8,07:13.3,9665.53,LFE,-7.119894243,2.482786518,-4.048751162
942,04:16.6,15:48.2,4291.523,LFE_sm,-1.407325885,3.79439415,-4.711649563
943,10:49.3,34:55.0,15845.625,LFE_ext,-2.95029006,3.648366068,-4.762644767
944,54:12.3,12:09.5,8277.187,LFE_sp,7.871317061,-3.800900932,5.643534406
945,01:01.0,13:55.8,15174.844,LFE_sp,7.961819727,-2.708427289,4.352294123
946,17:07.3,46:12.9,5345.683,LFE_sp,5.050105355,2.32425378,-2.071464759
947,08:02.3,17:48.4,4186.087,LFE,-11.77094681,-11.78336728,13.7299765
948,12:25.7,30:10.2,4664.497,LFE,-10.32161893,-11.83558024,14.08364494
949,55:53.1,13:25.7,8252.572,LFE,-9.795718895,-11.81730119,14.15031706
950,08:26.8,48:07.0,5980.125,LFE,-8.318443572,-11.64894214,14.21054086
951,31:58.2,23:24.0,10285.815,LFE,-7.801765406,-11.56103572,14.18386661
952,59:03.4,28:31.8,16168.434,LFE_sp,-5.157526109,-10.85634259,13.72464378
953,55:49.0,36:41.4,20452.377,LFE,-3.173521041,-10.05962754,13.02474554
954,14:00.2,25:46.7,7906.567,LFE,-0.467621761,-8.56741603,11.50895072
955,59:11.2,40:03.1,13251.851,LFE,0.268128028,-8.063088416,10.95770984
956,50:20.2,30:18.2,16798.013,LFE,2.832254251,-5.753878823,8.308561572
957,50:43.2,46:52.6,6969.388,LFE_sp,4.154984269,-3.839258714,5.959589778
958,00:54.2,10:13.3,22159.08,LFE_sp,4.728038673,-2.190773114,3.833505921
959,37:50.5,00:22.3,12151.753,LFE_sm,-0.122069811,2.389223684,-3.260946657
960,25:00.8,32:39.1,11258.242,LFE,-6.835467891,1.312972516,-3.020028729
961,52:52.0,20:59.1,23287.062,LFE_dg,-4.285667422,1.29907111,-2.733280169
962,39:05.5,42:25.4,54199.922,LFE_dg,-0.440518664,-5.616746755,8.594357049
963,30:28.5,02:31.3,9122.759,LFE,-8.974775703,-0.117695189,-1.263708468
964,36:03.7,50:35.4,11671.765,LFE,-10.29457656,-0.718323985,-0.544206407
965,56:09.3,36:34.3,16825.019,LFE,-11.27917672,-9.228949379,13.23386656
966,45:08.5,41:29.3,10580.787,LFE_sp,1.00720479,-4.178966393,6.858839946
967,49:41.2,44:03.7,10462.5,LFE_ext,-9.155910235,0.166472592,-1.135253293
968,08:55.9,28:09.2,11953.235,LFE_ext,-10.55922412,-0.401684895,-0.344451107
969,08:57.4,02:01.7,6784.372,LFE,-5.549393262,-7.616499093,11.91577152
970,37:36.5,58:20.2,19243.652,LFE,0.918077463,-4.198283639,6.931112026
971,13:15.8,43:40.4,9024.609,LFE,2.979960257,-1.410975736,2.56579789
972,51:43.4,34:49.5,2586.094,LFE,-10.26221817,-8.324561224,13.31574381
973,15:52.8,41:49.7,23156.937,LFE,-7.763849398,-7.912154553,12.77809766
974,38:17.3,50:57.6,36760.23,LFE,-3.041093626,-6.384157018,10.49823002
975,29:03.7,52:30.0,8606.25,LFE_ext,-11.26153969,-0.33936535,0.137973826
976,44:20.3,38:04.6,21224.357,LFE,-10.64095369,-8.005532605,13.43704011
977,04:39.8,18:54.5,22454.755,LFE,-8.188508454,-7.684793742,12.95191158
978,39:48.1,52:03.1,11534.977,LFE,-4.370755133,-6.681078448,11.31944651
979,02:12.8,41:08.4,9535.581,LFE,-1.681819147,-5.561372304,9.471716205
980,54:22.5,33:45.0,67162.5,LFE_m,-9.617056005,0.14294474,1.165923637
981,30:56.0,16:25.5,9929.462,LFE,-7.29950634,-3.727714111,9.589156256
982,04:06.4,00:25.0,14178.683,LFE_ext,-17.98194831,0.352873173,10.2236761
983,33:46.3,37:24.4,50618.161,LFE_m,-10.39273566,0.303223238,11.29717837
